id,userId,encryptedPin
emp1,Michael Scott,$2a$12$nS84lHg1NKDDFpcxomP6Fu0br9YY2BZ2luiFSY.YHb/AfYfR/bKQG
emp2,Dwight Schrute,$2a$12$2IR2qM3mE116QhRzgwZMKu0SLUcnbOPLimvmZd948RwCrr6iQ0S5O
emp3,Jim Halpert,$2a$12$HpC56zb.gwgPxVAl/RaV6.6h7QWeq1OzPu0L8I8Jm4y7rWFln0hue
emp4,Pam Beesly,$2a$12$oEY4v6KNog.SkEFbU5wMoe8HzJv0gy4bKGeCxpjNpxwCrj6ox6yJe
emp5,Phyllis Smith,$2a$12$Tc7Hvg9jcMp.pBBqFRMgluEUl4y31trCQhtJnFgKXmyW35TNxaQs.
emp6,Stanley Hudson,$2a$12$y3PVVEduDiCosGarpje3e.YEaXqzKWyoDoCRr0AKkWVNFV9sjLXPq
emp7,Angela Martin,$2a$12$kQaU5NczQbbfAEBnCi7kuOvi5PS.Ur0huZG.Io//0t32EldIMrvvi
emp8,Oscar Martinez,$2a$12$.sTC9k4L/jFgguFpvnkCb./uTyXNjh6ZNqymsONwWnro/mzWR66hy
emp9,Kevin Malone,$2a$12$9ipGlD72KH8876AMYY6fLuxnHtrtDIzMYb0mW7if2VJ2z.f6Y335a
emp10,Kelly Kapoor,$2a$12$xaMlGquD5oc2ntN01FiVuuS0avVAJBjML5yo9CtCu2mHOmDfCEE7K
emp11,Ryan Howard,$2a$12$19xtgQH/bvZkgarNUcQL2ObnC7TmxZJZ/akRyeKj6KFzTnlF14vgK
emp12,Meredith Palmer,$2a$12$RscKjMNIc4UBlzs0h0ALK.vmaQ8qjt5Nm.TF8OEgtVM0LYP/0o5EK
emp13,Creed Bratton,$2a$12$fpAiN6hj0kgGfW.H56TqyOC2F.DymJ1ewVY3fN/k7tv0q0lCzEad.
emp14,Toby Flenderson,$2a$12$t.ZsPo/X7h9faN/VT0DFKeE1ot49ClAUPGw9txUW1mLT3Y0Zf5drK
